,160
Puunal,215
UnretiredGymnast,183
Antranik,180
Ondz,200
eshlow,150
desseb,200
,200
AbazorTheThird,140
goldfather8,185
BigJ74,90
iscg,212
Titty_Sprinkle,178
minhhale,154
cmdrxander,178
zed187,169
dummey,170
BConz365,135
forestdragon,170
,132
kougaro,180
thestink,187
reganb1,252
kayetech,160
jomofo,185
dcbarcafan10,168
kittyminky,132
Superfastatcominlast,180
CanISayDelicious,172
no_detection,160
,156
QuixoticalPanda,165
gazork_chumble_spuzz,135
DDownageXD,154
illtek,164
Lukeorisit,140
,191
i_like_your_comment,154
Rhaski,167
The15thFloor,160
CallmeTex,190
n-some,165
Sideyr,120
Osurak,235
goldenglove,170
ManBearPete,175
TheGanjaLord,121
mierjugomz,166
NYTe13,165
thatescapesme,216
robot_one,160
Fortitude21,160
doodad86,205
akidiknow,110
MiKirky,232
joshlebed,160
DREADLOCKSS,170
Shakenbakers,127
dorpster,155
gov3nator,193
jungletroll37,202
lifeismybitch,121
GallavantingAround,173
serbeejalot,145
AlexanderTheLess,175
UnDissolvedAcess,182
miguelishawt,154
Aaron_Z,185
dr_dazzle,150
Kittycatter,95
